{
"lengthUnit": "mil",
"components": {
	"fields": ["COMPONENT_NO", "COMPONENT_NAME", "LAYER", "X_COORDINATE", "Y_COORDINATE", "ANGLE"],
	"rows": [
		[1, "SCREW1", "T", 77, 1588, 0],
		[2, "SCREW1", "T", 1027, 1743, 0],
		[3, "SCREW1", "T", 262, 1643, 0],
		[4, "SCREW1", "T", 555, 125, 0],
		[5, "SCREW1", "T", 555, 1380, 0],
		[6, "SCREW1N1", "T", 555, 660, 0]
	]
},
"pins": {
	"fields": ["PIN_NO", "PIN_NAME", "PIN_X", "PIN_Y", "LAYER", "PIN_TYPE", "NET_NAME", "NET_TYPE", "PAD_SHAPE", "PAD_SIZEX", "PAD_SIZEY", "HOLE_SIZE", "PAD_ANGLE"],
	"rows": [
		[1, "SCREW1_1", 77, 1588, "T", "DIP", "SCREW1_1", "", "O", 78.74, 78.74, 669.29, 0],
		[2, "SCREW1_1", 77, 1588, "B", "DIP", "SCREW1_1", "", "O", 78.74, 78.74, 669.29, 0],
		[3, "SCREW1_1", 1027, 1743, "T", "DIP", "SCREW1_A_1", "", "O", 78.74, 78.74, 393.7, 0],
		[4, "SCREW1_1", 1027, 1743, "B", "DIP", "SCREW1_A_1", "", "O", 78.74, 78.74, 393.7, 0],
		[5, "SCREW1_1", 262, 1643, "T", "DIP", "SCREW1_B_1", "", "O", 78.74, 78.74, 78.74, 0],
		[6, "SCREW1_1", 262, 1643, "B", "DIP", "SCREW1_B_1", "", "O", 78.74, 78.74, 78.74, 0],
		[7, "SCREW1_1", 555, 125, "T", "DIP", "SCREW1_C_1", "", "O", 78.74, 78.74, 78.74, 0],
		[8, "SCREW1_1", 555, 125, "B", "DIP", "SCREW1_C_1", "", "O", 78.74, 78.74, 78.74, 0],
		[9, "SCREW1_1", 555, 1380, "T", "DIP", "SCREW1_D_1", "", "O", 78.74, 78.74, 393.7, 0],
		[10, "SCREW1_1", 555, 1380, "B", "DIP", "SCREW1_D_1", "", "O", 78.74, 78.74, 393.7, 0],
		[11, "SCREW1N1_1", 555, 660, "T", "DIP", "SCREW1N1_1", "", "O", 78.74, 78.74, 393.7, 0],
		[12, "SCREW1N1_1", 555, 660, "B", "DIP", "SCREW1N1_1", "", "O", 78.74, 78.74, 393.7, 0]
	]
}
}